emotion_4class,count,percent
neutral,1708,30.880491773639484
angry,1103,19.942144277707467
sad,1084,19.598625926595552
happy,1636,29.578738022057493
