,valence,arousal,dominance
rms_000_mean,-0.1135748154060958,0.3992591579017025,0.33344240692981836
zcr_000_mean,-0.07679457306161161,0.4053587048724738,0.37753697631430433
spectral_centroid_000_mean,-0.09338391950060569,0.35387791072977165,0.34342496164145797
spectral_rolloff_000_mean,-0.09556881593548709,0.3186275805024153,0.31886159060117475
f0_000_mean,0.10517878257239094,-0.10777343209085015,-0.1696242031655005
f0_000_std,-0.06035780960138815,-0.17938476015507282,-0.11568945196088694
