protocol,fold,fusion_mode,best_epoch,best_val_score,n_train,n_val,n_test,WA,UAR,Macro_F1,CCC_mean,CCC_valence,CCC_arousal,CCC_dominance,MAE_mean,VAD_pred_std_mean,VAD_true_std_mean,VAD_pred_mean_valence,VAD_pred_mean_arousal,VAD_pred_mean_dominance,VAD_true_mean_valence,VAD_true_mean_arousal,VAD_true_mean_dominance,loss
5fold_session,fold_1_test_Ses01_val_Ses02,acoustic_text_bridge_rmm,9,0.6873522238604586,3423,1023,1085,0.6534562211981567,0.6915958872791695,0.6593258175727861,0.6287410259246826,0.6246033310890198,0.7033045887947083,0.5583151578903198,0.6554118394851685,0.2674776315689087,0.22311043739318848,0.43216603994369507,0.5418512225151062,0.5619530081748962,0.47077587246894836,0.49016910791397095,0.4908599853515625,0.6457423672571287
5fold_session,fold_2_test_Ses02_val_Ses03,acoustic_text_bridge_rmm,7,0.6667014466649807,3357,1151,1023,0.7272727272727273,0.744660692855293,0.7291626317432002,0.648036777973175,0.7288557291030884,0.7371328473091125,0.4781217873096466,0.49828439950942993,0.1943707913160324,0.19481037557125092,0.49982231855392456,0.5267419815063477,0.5384813547134399,0.5084109306335449,0.5224422216415405,0.55791836977005,0.5340638387688371
5fold_session,fold_3_test_Ses03_val_Ses04,acoustic_text_bridge_rmm,13,0.6848822824377313,3349,1031,1151,0.6863596872284969,0.6833312435515305,0.6818345951092357,0.5788934826850891,0.5765619277954102,0.6246048808097839,0.5355136394500732,0.5616366267204285,0.1846984177827835,0.20815032720565796,0.42371124029159546,0.4374872148036957,0.5173897743225098,0.44884899258613586,0.5110051035881042,0.5442005395889282,0.6497256547833482
5fold_session,fold_4_test_Ses04_val_Ses05,acoustic_text_bridge_rmm,6,0.6878933094577981,3259,1241,1031,0.7002909796314258,0.6777365137015909,0.6903808866541785,0.6902272701263428,0.6860811710357666,0.7381082773208618,0.6464923024177551,0.5093754529953003,0.21228337287902832,0.20716683566570282,0.500196099281311,0.596667468547821,0.6380332112312317,0.46455714106559753,0.555569052696228,0.597074031829834,0.5525558343113854
5fold_session,fold_5_test_Ses05_val_Ses01,acoustic_text_bridge_rmm,14,0.6915600966269438,3205,1085,1241,0.7187751813053989,0.7203790410394927,0.7185047996516405,0.6470523476600647,0.6749346256256104,0.703861653804779,0.5623607635498047,0.5153539776802063,0.18942834436893463,0.20851802825927734,0.5136421918869019,0.4882505536079407,0.5553159117698669,0.49130403995513916,0.5207494497299194,0.5292774438858032,0.6082926222051566
