protocol,fusion_mode,folds,WA_mean,WA_std,WA_paper,UAR_mean,UAR_std,UAR_paper,Macro_F1_mean,Macro_F1_std,Macro_F1_paper,CCC_mean_mean,CCC_mean_std,CCC_mean_paper,CCC_valence_mean,CCC_valence_std,CCC_valence_paper,CCC_arousal_mean,CCC_arousal_std,CCC_arousal_paper,CCC_dominance_mean,CCC_dominance_std,CCC_dominance_paper,MAE_mean_mean,MAE_mean_std,MAE_mean_paper
5fold_session,acoustic_text_bridge_rmm,5,0.6972309593272412,0.026116804174750968,69.72 +/- 2.61,0.7035406756854152,0.02526396743498517,70.35 +/- 2.53,0.6958417461462082,0.02523224015937321,69.58 +/- 2.52,0.6385901808738709,0.03602204069121379,0.639 +/- 0.036,0.658207356929779,0.05261777299129598,0.658 +/- 0.053,0.7014024496078491,0.041307412167914274,0.701 +/- 0.041,0.5561607301235199,0.054257264721735775,0.556 +/- 0.054,0.5480124592781067,0.05788353722863271,0.5480 +/- 0.0579
