epoch,train_loss,val_WA,val_UAR,val_Macro_F1,val_Weighted_F1,val_CCC_valence,val_CCC_arousal,val_CCC_dominance,val_CCC_mean,val_MAE_mean,val_RMSE_mean,val_loss,score
1,0.7540352077902974,0.5983050847457627,0.6070453316568744,0.5874582472922631,0.6007423138052643,0.5518035158498624,0.39548895489355057,0.47221343496845464,0.4731686352372892,0.6864101886749268,0.876388669013977,0.7066348260641098,0.5679106912968335
2,0.5804213167042346,0.6152542372881356,0.6367112816890841,0.6118505606501167,0.614923519063319,0.6026907988808298,0.4117762117340779,0.468282993956636,0.49425000152384785,0.6511113047599792,0.8369549512863159,0.6861335754394531,0.5918324085597918
3,0.5077780990181743,0.6440677966101694,0.6713663463802197,0.6401089820598407,0.6454387765098086,0.617593570078213,0.42667849401843033,0.47479314407532464,0.506355069390656,0.6324365139007568,0.8143404722213745,0.6572312599420548,0.618402344314743
4,0.44505137744787576,0.6576271186440678,0.6782595872495983,0.656712655540601,0.6588372826831632,0.6249320795760208,0.41823373910284833,0.47783020108571206,0.5069986732548605,0.6437646746635437,0.830561101436615,0.6721305507421493,0.6270084786880084
5,0.40613161623477934,0.676271186440678,0.686937946441276,0.6739994077851086,0.6766472637699953,0.624529288130962,0.4340164334819194,0.467271977429701,0.5086058996808608,0.6136947870254517,0.7972756624221802,0.6621228986978531,0.637633875019819
6,0.37960117765375084,0.6796610169491526,0.6965064393616003,0.6794995982439301,0.6799130945932583,0.6256032378793838,0.43288461545819257,0.46830423988151815,0.5089306977396982,0.6145944595336914,0.7956367135047913,0.6639264893531799,0.6428420512501012
