epoch,train_loss,val_WA,val_UAR,val_Macro_F1,val_Weighted_F1,val_CCC_valence,val_CCC_arousal,val_CCC_dominance,val_CCC_mean,val_MAE_mean,val_RMSE_mean,val_loss,score
1,0.7623378665254102,0.6344086021505376,0.6507719407393844,0.6203774956078063,0.6384089902484247,0.5945262858241389,0.5228528951224745,0.42116953061356965,0.512849570520061,0.6444516181945801,0.8166364431381226,0.6424345953897996,0.6069397914404686
2,0.5856538890293856,0.6282642089093702,0.6737298541293157,0.6217888806938494,0.6337875125526212,0.6119106095391035,0.5175700997452611,0.46525020821599333,0.5315769725001193,0.6322050094604492,0.8034492135047913,0.6680774439464916,0.6187103099909342
3,0.5091040536511544,0.6943164362519201,0.7041664845889337,0.6761338991041961,0.6965127164461015,0.6964593685347387,0.516946832217675,0.4803495469789653,0.564585249243793,0.5950390696525574,0.7549423575401306,0.5890447015112097,0.6616946489882982
4,0.4540468878919186,0.6973886328725039,0.7205684646918905,0.6875572227178854,0.7020969238857949,0.7132135536518927,0.5146395743801612,0.512662910763113,0.5801720129317224,0.5847141742706299,0.7337145805358887,0.5854033822363073,0.6742311369931702
5,0.4141621931804625,0.6912442396313364,0.7183355959975768,0.682811494121641,0.696647330603396,0.7064239939062706,0.5109029230748644,0.5077766117789079,0.5750345095866809,0.5923728942871094,0.7403090596199036,0.6116044131192294,0.6699872327464176
6,0.3922298677140774,0.7004608294930875,0.7181056551757663,0.6880235448124223,0.7060187386952763,0.7081481911448406,0.5084421087702564,0.5057155094182503,0.5741019364444492,0.5907508730888367,0.7384332418441772,0.605104183066975,0.6725593382837325
