epoch,train_loss,val_WA,val_UAR,val_Macro_F1,val_Weighted_F1,val_CCC_valence,val_CCC_arousal,val_CCC_dominance,val_CCC_mean,val_MAE_mean,val_RMSE_mean,val_loss,score
1,0.7554945970234805,0.5738636363636364,0.5922080316682579,0.5461777809585249,0.5843729648167052,0.5779190162260478,0.4843372968503081,0.3991209735686715,0.48712576221500914,0.6981111168861389,0.8924300670623779,0.711924135684967,0.5530625351020748
2,0.578223145742939,0.6382575757575758,0.6506668481600156,0.6047409169161325,0.6635710268136616,0.6949147331786429,0.4688153101473458,0.43553255399432894,0.5330875324401059,0.6630024909973145,0.8533341288566589,0.6609094495123083,0.6096049785007736
3,0.49955471166192666,0.6439393939393939,0.6773547083254524,0.6170335090020598,0.669685242506523,0.715279376326304,0.495160198586318,0.44518513231769463,0.5518749024101055,0.6599161028862,0.8462168574333191,0.6817132837393067,0.6272374541047254
4,0.4445962820967583,0.6912878787878788,0.6889925776121892,0.6506707494183201,0.7120648106910504,0.7250411950506281,0.5216743344343218,0.45768695341958376,0.5681341609681779,0.6445272564888,0.8278776407241821,0.6172251498157327,0.6515726680475505
5,0.3989576147027212,0.6875,0.6943808456060517,0.6510071952090266,0.7088743310200668,0.7222197980712206,0.4995265325784124,0.4430467133871098,0.5549310146789143,0.6385124921798706,0.8222467303276062,0.6458787796172228,0.649467488673652
6,0.3713298397113199,0.6893939393939394,0.6874257985054498,0.6498043981658934,0.709192269708959,0.7244803902423843,0.5225104793856112,0.46191016913995186,0.5696336795893159,0.630796492099762,0.8138265013694763,0.637007958848368,0.650847116886203
