epoch,train_loss,val_WA,val_UAR,val_Macro_F1,val_Weighted_F1,val_CCC_valence,val_CCC_arousal,val_CCC_dominance,val_CCC_mean,val_MAE_mean,val_RMSE_mean,val_loss,score
1,0.7569499313831329,0.5805168986083499,0.6209090889557686,0.587221676229738,0.5710514358003428,0.6085687961139907,0.4494835692177935,0.4387739277241051,0.49894209768529646,0.6076059937477112,0.7671257853507996,0.6899182008845466,0.5756014205234606
2,0.5883157246907552,0.614314115308151,0.6629336102685182,0.6211481869507014,0.6123059753347675,0.6069550961641343,0.48770086005360286,0.43948292003374945,0.5113796254171622,0.595460057258606,0.7405205368995667,0.6515359098003024,0.6069641304000424
3,0.5096277103424073,0.6640159045725647,0.6837948737550479,0.6770183138726735,0.6633760678356754,0.6181959339349874,0.4968688180107148,0.4238343684123998,0.5129663734527007,0.5964633226394653,0.7455402612686157,0.6329742052725383,0.6357766428664896
4,0.45247496747970584,0.6660039761431411,0.6994578539336341,0.6740490364565351,0.6635990548352833,0.6167609288704426,0.4756476558753161,0.44427829563502086,0.5122289601269265,0.6055126190185547,0.7581521272659302,0.626903677270526,0.6408780914284389
5,0.40749258653322856,0.6640159045725647,0.700458208122374,0.6776061388831811,0.6600948938904415,0.6175872204716392,0.4982821573155835,0.4548140034515837,0.5235611270796021,0.5889419913291931,0.7360915541648865,0.6261079251056626,0.6443750633038805
6,0.3847275605201721,0.6699801192842942,0.7040424607688662,0.6838964289882771,0.6672050532625264,0.6100036191334364,0.49250533945512315,0.46070242121274874,0.5210704599337693,0.5952535271644592,0.7446639537811279,0.6414179596162978,0.6474577859070597
