epoch,train_loss,val_WA,val_UAR,val_Macro_F1,val_Weighted_F1,val_CCC_valence,val_CCC_arousal,val_CCC_dominance,val_CCC_mean,val_MAE_mean,val_RMSE_mean,val_loss,score
1,0.760900360590791,0.575516693163752,0.5666627332100349,0.5730897744883013,0.5726511204550928,0.4778488371892367,0.38391635566715404,0.4695034862157037,0.44375622635736484,0.6540967226028442,0.8344999551773071,0.7113123496748367,0.5389923067432641
2,0.5841435977857407,0.6136724960254372,0.6276716744821342,0.6150613983372416,0.6091002452364515,0.5450646563973454,0.46351609654281534,0.49652736561535704,0.5017027061851725,0.6515665650367737,0.8291671872138977,0.6628483680059325,0.5908575414875759
3,0.5010108624010869,0.6804451510333863,0.6809662927417757,0.6843113686658248,0.6812817573456583,0.5981420752127923,0.4668453515313808,0.5233883113597448,0.5294585793679726,0.6164993047714233,0.7915217280387878,0.6311291444976375,0.6436541512414569
4,0.4462450147491612,0.6693163751987281,0.671428539274975,0.6718901620231047,0.669346673331468,0.588226548319829,0.459135128359355,0.5020085902577038,0.5164567556456293,0.6322034001350403,0.8063728213310242,0.6501915989057073,0.6323554851020152
5,0.40593061524711244,0.6740858505564388,0.6776380418202537,0.6773967791450946,0.6736014620253,0.5934309981547307,0.46207770375134355,0.523777043787779,0.5264285818979512,0.6177941560745239,0.7960710525512695,0.6546110943803247,0.6390769860518832
6,0.37800628571477657,0.6724960254372019,0.6762321579693331,0.6749042490410457,0.6720647801685248,0.5939527378938231,0.458945462170035,0.5104047774115322,0.5211009924917968,0.6203318238258362,0.7962353229522705,0.6549639291358444,0.6364365583078653
