epoch,train_loss,val_WA,val_UAR,val_Macro_F1,val_Weighted_F1,val_CCC_valence,val_CCC_arousal,val_CCC_dominance,val_CCC_mean,val_MAE_mean,val_RMSE_mean,val_loss,score
1,0.7643629807089992,0.5996168582375478,0.609872206045345,0.5980996265603039,0.6007507373077826,0.6006601158650677,0.5824170420512511,0.5185267583025429,0.5672013054062872,0.6021298766136169,0.7707939147949219,0.6721488481218164,0.5947988954270129
2,0.5923558922619346,0.6302681992337165,0.6314389170296337,0.6317412643928662,0.6302224653476659,0.6567416620105974,0.5506742675611576,0.5435048054532661,0.5836402450083403,0.5878620743751526,0.7439930438995361,0.6264867376197468,0.6193155749377733
3,0.5150735570821942,0.6149425287356322,0.6232035564284047,0.617640510625999,0.6163571193341555,0.6770365828303218,0.5857854731095562,0.5473043744216228,0.603375476787167,0.5732925534248352,0.7292294502258301,0.6273338462818753,0.6154817218190597
4,0.4591306414025718,0.6513409961685823,0.6488567147273858,0.6500889437853505,0.6502115055587763,0.6826023945340526,0.5694573525790841,0.5453504443475474,0.5991367304868948,0.5742833018302917,0.7324933409690857,0.6138578036969359,0.6371700207670953
5,0.4106339499873706,0.6551724137931034,0.6571686994438827,0.6532526511851786,0.6533603657098896,0.6918378361068278,0.5802439842250249,0.5362887208244468,0.6027901803854331,0.5747100114822388,0.7336168885231018,0.6286637539213354,0.6423916028973736
6,0.38957532393389027,0.6455938697318008,0.6519599002488916,0.6455128201922803,0.6449873154067124,0.6908856787602043,0.5880512830566634,0.5418924675228134,0.6069431431132271,0.5725216269493103,0.730579137802124,0.6323284310373393,0.6381430888502351
