epoch,train_loss,val_WA,val_UAR,val_Macro_F1,val_Weighted_F1,val_CCC_valence,val_CCC_arousal,val_CCC_dominance,val_CCC_mean,val_MAE_mean,val_RMSE_mean,val_loss,score
1,0.7626006026268005,0.6195426195426196,0.6592375784415638,0.6178370960581525,0.6154047714746685,0.6328433872254081,0.6002525613910533,0.43382579357533485,0.5556405807305987,0.629473865032196,0.7967901825904846,0.620083238293485,0.6171192407573514
2,0.5994288156827291,0.683991683991684,0.7121285771212649,0.690427708028384,0.6826757146190459,0.7037514130371088,0.5867322016618822,0.4607578105190421,0.5837471417393444,0.5906641483306885,0.7445058226585388,0.5824454553970476,0.6700656658312925
3,0.5242682143449783,0.6923076923076923,0.7251555010013491,0.6902933653084313,0.6959460819744747,0.7130194548824627,0.5938732461318511,0.43516661530049544,0.580686438771603,0.6138715147972107,0.7761709690093994,0.5760906244196543,0.6754962465665977
4,0.462326220870018,0.7505197505197505,0.767502679232759,0.7548039614600124,0.7506038009980169,0.7662637998564703,0.6045017336908166,0.4491506630762092,0.606638732207832,0.5723327994346619,0.7265875935554504,0.5229893210457592,0.7213503631793762
5,0.4153677754799525,0.7567567567567568,0.7752835539755112,0.7624190301240897,0.7565257169349399,0.7681917743900518,0.6037035370720637,0.45235374918948545,0.6080830202172004,0.5716002583503723,0.7243446707725525,0.5255451573104393,0.7272051563218983
6,0.39230145514011383,0.7484407484407485,0.7675008992662118,0.7536669055790017,0.7486547995730863,0.7630347559163012,0.6027270554246765,0.45667628903478025,0.6074793667919193,0.5723534822463989,0.7248209118843079,0.5288653122942623,0.7209166872451039
