epoch,train_loss,val_WA,val_UAR,val_Macro_F1,val_Weighted_F1,val_CCC_valence,val_CCC_arousal,val_CCC_dominance,val_CCC_mean,val_MAE_mean,val_RMSE_mean,val_loss,score
1,0.7593375422245214,0.5208333333333334,0.552339473392105,0.515499157047139,0.515739275123478,0.5695128564178707,0.5914062401923392,0.5153809271625664,0.5587666745909254,0.6560442447662354,0.8535999655723572,0.7117601639845155,0.5402769824110626
2,0.5880789644297818,0.5246212121212122,0.5602465621262613,0.5219998309645721,0.5236962149283979,0.6413856196801115,0.5666441105716553,0.5118418133457378,0.5732905145325016,0.6613231897354126,0.8370094895362854,0.7056516280228441,0.5487331339944737
3,0.5091730523290057,0.5965909090909091,0.6159295487303006,0.586155807064081,0.5879761358690083,0.6890553633448037,0.5981225614823955,0.559456587839068,0.6155448375554223,0.623567521572113,0.7939953804016113,0.6642746816981923,0.6060108946754588
4,0.4526616430561733,0.6022727272727273,0.6172310876258245,0.5933404226643506,0.6013435929636288,0.6916218875099372,0.5889695468683356,0.577013643583394,0.6192016926538889,0.6083210706710815,0.7774375081062317,0.6738335761156949,0.6099539338199264
5,0.4022093582744441,0.5965909090909091,0.6158085857333977,0.5893560803293237,0.5969372463150827,0.6970539255798682,0.598359436003902,0.5804312024481375,0.6252815213439692,0.5923959612846375,0.7584851384162903,0.6912323981523514,0.6090427832267281
6,0.3851536998407243,0.6003787878787878,0.6141891212379934,0.5935137267357022,0.6023467093112097,0.6983532503409808,0.5987023421345299,0.588229961974804,0.6284285181501049,0.5884896516799927,0.7533420324325562,0.6902630217373371,0.6108518248937219
