epoch,train_loss,val_WA,val_UAR,val_Macro_F1,val_Weighted_F1,val_CCC_valence,val_CCC_arousal,val_CCC_dominance,val_CCC_mean,val_MAE_mean,val_RMSE_mean,val_loss,score
1,0.7575559242555716,0.5870736086175943,0.6306447478956484,0.591944945615073,0.583281355827245,0.5841470753897433,0.47991448504152184,0.37241573206491846,0.4788257641653945,0.7102407813072205,0.8954973220825195,0.6832371569694357,0.576235813651359
2,0.5806822547051463,0.651705565529623,0.695858600725096,0.6585064072414618,0.6458808237281487,0.6309987707894955,0.523704894125521,0.4374692322260826,0.530724299047033,0.6823685169219971,0.864976704120636,0.6221354714733489,0.6382739795697588
3,0.5073253490693486,0.6624775583482945,0.6996735502476477,0.6691028555353838,0.6552646952366716,0.6554074016394612,0.5441700661241594,0.49280069887396116,0.5641260555458606,0.6332182884216309,0.807805061340332,0.6312999218068225,0.6522333392498775
4,0.44915522912120565,0.6894075403949731,0.7262353997328286,0.6958656495250202,0.6861348228895205,0.6868933989034705,0.5493964011243669,0.4847965338904448,0.5736954446394275,0.6206192970275879,0.7902659177780151,0.5955658218962081,0.6746608890503455
5,0.40644639790700776,0.7019748653500898,0.7310764030592996,0.7074767767186695,0.6991506656178812,0.6885866720621355,0.551533065949283,0.4881412827804921,0.5760870069306369,0.6231337189674377,0.7990577816963196,0.6025125752104089,0.6817888212171659
6,0.3816768278410493,0.7091561938958707,0.7365892664071112,0.713906627674495,0.7059450989779235,0.6922794143908604,0.5477098389065144,0.49011275079961925,0.5767006680323313,0.6176015138626099,0.7906845808029175,0.6013258797057132,0.6865939745646449
