epoch,train_loss,val_WA,val_UAR,val_Macro_F1,val_Weighted_F1,val_CCC_valence,val_CCC_arousal,val_CCC_dominance,val_CCC_mean,val_MAE_mean,val_RMSE_mean,val_loss,score
1,0.767433311473182,0.6180811808118081,0.6473988973103127,0.6160246228543459,0.6227740270386567,0.6221623116833256,0.4420493334210883,0.39703844747730654,0.4870833641939068,0.6174405217170715,0.7743789553642273,0.6462238592946011,0.5951816158403169
2,0.5895236556992886,0.6549815498154982,0.6805853877655257,0.6639723854357767,0.6573818384017632,0.667988485033555,0.4670714873790674,0.4773999915340829,0.5374866546489018,0.5674166679382324,0.7077826857566833,0.5811961163645205,0.6363673364304143
3,0.5219299148054833,0.6107011070110702,0.6934600195182459,0.6274888356687839,0.5929574934985039,0.6886173663286215,0.4787758028603613,0.48046226825049765,0.5492851458131601,0.565470814704895,0.707872748374939,0.6196214031914006,0.6276702818206469
4,0.45816785632137286,0.6771217712177122,0.7337718098156711,0.690058568178159,0.673892311372983,0.7004090221100586,0.4570394317358815,0.49523501590196295,0.5508944899159677,0.5821077227592468,0.7213702201843262,0.5824465511933618,0.6679798237936511
5,0.41761760774286505,0.6955719557195572,0.7426714230990232,0.7052459190820112,0.6952073746237046,0.697825385201997,0.48662421154120983,0.4877548603673944,0.5574014857035338,0.5703308582305908,0.7119091749191284,0.5785330320182054,0.6794489444708554
6,0.39038562421944545,0.6992619926199262,0.7419524858401512,0.7085907475778119,0.699129867325189,0.6969719094145677,0.48804076112773187,0.48477398873911953,0.5565955530938064,0.5716495513916016,0.7118057012557983,0.5770301274631334,0.6804028063570521
