epoch,train_loss,val_WA,val_UAR,val_Macro_F1,val_Weighted_F1,val_CCC_valence,val_CCC_arousal,val_CCC_dominance,val_CCC_mean,val_MAE_mean,val_RMSE_mean,val_loss,score
1,0.7843298832220691,0.5821025195482189,0.5780245412033322,0.5846595922514335,0.58379312155443,0.5414316072168547,0.49028024100395107,0.5098153656596419,0.5138424046268159,0.6085989475250244,0.7824398875236511,0.6913388216247162,0.5641216129378007
2,0.6045911834708282,0.5933970460469157,0.5977128830868585,0.5937913222238654,0.5943655801661474,0.5607194008779097,0.4851532482309102,0.5118204420339946,0.5192310303809382,0.6319422125816345,0.8100395202636719,0.6826244903107485,0.5764449403297913
3,0.5288988772247519,0.6394439617723718,0.6400289046677365,0.6437758638337723,0.6413159275566793,0.6009429511902878,0.5156965665417843,0.5502104070658841,0.5556166415993187,0.6250154376029968,0.795110821723938,0.6484006413569053,0.6195582421547663
4,0.4716664296707937,0.6403127715030409,0.6401057489300317,0.6444764110630893,0.6422707430565616,0.6129899464202575,0.49697762261735895,0.5249694981225964,0.5449790223867376,0.6116162538528442,0.7790821194648743,0.6551973617946109,0.6172396042354216
5,0.42312839776277544,0.6481320590790617,0.6492345427796247,0.6507514094511405,0.6494460442360875,0.6135184255494294,0.5137316270532472,0.5339728796504807,0.5537409774177191,0.6098575592041016,0.7775787711143494,0.6587745441744725,0.6254440280333389
6,0.3992548995784351,0.6516072980017377,0.6530138534621117,0.6538417476844902,0.6525065967208827,0.6136808097840251,0.5146564367849722,0.5376291641787915,0.5553221369159296,0.6077165603637695,0.7752845883369446,0.6632168951133887,0.6284751920779671
