epoch,train_loss,val_WA,val_UAR,val_Macro_F1,val_Weighted_F1,val_CCC_valence,val_CCC_arousal,val_CCC_dominance,val_CCC_mean,val_MAE_mean,val_RMSE_mean,val_loss,score
1,0.7766778664115597,0.5850120870265915,0.6128338354572599,0.5800242566839839,0.5908739596016305,0.5583004549819985,0.4886664688152899,0.44460084942351036,0.4971892577402663,0.6434509754180908,0.82768315076828,0.7006068622263578,0.5717964255872227
2,0.5968253898489124,0.6422240128928284,0.6450208328523717,0.6338885580280313,0.6442135245798706,0.5892330833499042,0.5012249926524953,0.46647035130038933,0.5189761424342629,0.6290857791900635,0.8004026412963867,0.6413021036065542,0.6107238412910677
3,0.524455839603701,0.6599516518936341,0.6505527691845969,0.6543539131781089,0.6617229231705537,0.6030976447816545,0.5110414820143093,0.47643878764623193,0.5301926381473986,0.6182640790939331,0.7866004109382629,0.6300980428663584,0.6231027417658072
4,0.46852901720387097,0.6559226430298146,0.6567094626312063,0.6515678949028387,0.6567660485282943,0.6330179680159469,0.5102434073843686,0.4703977958011601,0.5378863904004919,0.6248016357421875,0.798117995262146,0.6246717669642888,0.6258180171075758
5,0.42035567809772845,0.6583400483481063,0.6697389652976575,0.6533186308472385,0.6590571997539747,0.6469004563999471,0.5041182018997813,0.4627051254219084,0.5379079279072122,0.6234219670295715,0.7948786616325378,0.6317545241461351,0.6312173556700522
6,0.3966195649083923,0.6599516518936341,0.6744625133707328,0.6571108033224932,0.6611377710663237,0.6521846461467873,0.5053824971734642,0.46432123570618217,0.5406294596754778,0.621163547039032,0.791012704372406,0.635660319087597,0.6346317356418514
