epoch,train_loss,val_WA,val_UAR,val_Macro_F1,val_Weighted_F1,val_CCC_valence,val_CCC_arousal,val_CCC_dominance,val_CCC_mean,val_MAE_mean,val_RMSE_mean,val_loss,score
1,0.7739926267947469,0.5868089233753637,0.6018781066450838,0.5785128970347793,0.5906579490243832,0.5497906045652549,0.45619855234292545,0.4113710691884101,0.47245340869886343,0.6642791032791138,0.846469521522522,0.7198166410590328,0.5618350535825237
2,0.5904990646455969,0.5431619786614937,0.5864982753875986,0.5441527796660732,0.548839054098539,0.594381946341515,0.44686364307314136,0.38812124158502176,0.47645561033322603,0.6958476901054382,0.8767123222351074,0.7659488971843276,0.5418512506344795
3,0.5166286118328571,0.6391852570320078,0.6535922029041296,0.6307632221671529,0.6450277099422435,0.621211835413099,0.49058206558831036,0.3995507073938989,0.5037815361317693,0.6551195383071899,0.8305433988571167,0.6571718866741935,0.6086923508892198
4,0.4603225717054946,0.6566440349175557,0.658364346019214,0.6452140055557769,0.6576801426382758,0.6446298020040813,0.5111120792748085,0.46201322332983374,0.5392517015362411,0.6310585141181946,0.8045212626457214,0.6532580852508545,0.6256120545854518
5,0.4155358577945403,0.6634335596508244,0.6751607807955469,0.6570901537876112,0.6702386734111309,0.6643998636790917,0.5159854175385098,0.4562113556853535,0.545532212300985,0.6229431629180908,0.7926090955734253,0.6532147580454516,0.6367940690413747
6,0.38445634341665674,0.6614936954413191,0.6685691902961283,0.6542380647964743,0.6685298064979999,0.6628477053704395,0.5122135194548647,0.44339577044480216,0.5394856650900354,0.6321991086006165,0.8027791380882263,0.6553849950432777,0.6320169849237124
