epoch,train_loss,val_WA,val_UAR,val_Macro_F1,val_Weighted_F1,val_CCC_valence,val_CCC_arousal,val_CCC_dominance,val_CCC_mean,val_MAE_mean,val_RMSE_mean,val_loss,score
1,0.7758033334541676,0.552073732718894,0.5596322014862563,0.5459279508881573,0.5483818967809362,0.541191607726315,0.5115699922961819,0.34192133886534026,0.4648943129626124,0.7471864223480225,0.9544492959976196,0.7134830404768934,0.5316951854822531
2,0.5995312523263604,0.5788018433179724,0.6047526954042267,0.5777484634237365,0.5657963923011814,0.5939313072110766,0.5237872379114545,0.45713719233344374,0.5249519124853249,0.6731358170509338,0.858384907245636,0.6736875751188823,0.5742114828611523
3,0.5216115084824278,0.6009216589861751,0.6290784119232548,0.6037248258788841,0.5956453210172652,0.6393949291059232,0.561932799195455,0.49551731431133567,0.565615014204238,0.6450582146644592,0.8255555033683777,0.66880664229393,0.6025104946972105
4,0.4643735873387821,0.6101382488479262,0.6369248547415388,0.6113692940666862,0.6019004806345813,0.6569549369264589,0.5374411447617568,0.4819508599053937,0.5587823138645364,0.6632022857666016,0.845067024230957,0.6719081179126278,0.6069207862085951
5,0.41016306211032083,0.6248847926267281,0.6512012718810232,0.628659840810015,0.6204640879521757,0.6612663200146661,0.5532595587048152,0.4918522330436964,0.5687927039210593,0.6420539617538452,0.8192888498306274,0.6806576929904602,0.6208275478259716
6,0.3914898865258516,0.6267281105990783,0.6508092322876718,0.6297690132062062,0.6213106413745073,0.6588949402753356,0.5483259361759739,0.4925859462604113,0.5666022742372402,0.6415810585021973,0.8199675679206848,0.686477541923523,0.6207332246210521
