epoch,train_loss,val_WA,val_UAR,val_Macro_F1,val_Weighted_F1,val_CCC_valence,val_CCC_arousal,val_CCC_dominance,val_CCC_mean,val_MAE_mean,val_RMSE_mean,val_loss,score
1,0.782060813862127,0.624633431085044,0.630550229539766,0.6166353737819537,0.6269469092700518,0.6049976275531266,0.5258592504795884,0.4328024099616217,0.5212197626647789,0.6425986886024475,0.8186714053153992,0.6519772197271503,0.5992512819785123
2,0.5968226603903137,0.6725317693059628,0.666318820735454,0.6660389904416912,0.6720924759024571,0.6465679682817984,0.5155119150332914,0.44643475185945153,0.5361715450581804,0.5965512990951538,0.7554487586021423,0.6196091947860496,0.6349686254714848
3,0.5226818807683624,0.6549364613880743,0.6805172494046463,0.6612591580401859,0.6546132043712568,0.6855245577473678,0.5498140048647903,0.43506447929573183,0.5568010139692966,0.5794391632080078,0.7349716424942017,0.6111550788546718,0.6406204146696024
4,0.46337712102836665,0.6920821114369502,0.7227380784695301,0.6925729037577136,0.6899778641627401,0.7033918253878464,0.5302516379259308,0.4522916494093447,0.5619783709077073,0.5952519774436951,0.7463326454162598,0.6071428791728131,0.6703839232301951
5,0.41647161553789686,0.70772238514174,0.731898701493445,0.7122697213087683,0.7066174429895121,0.7177417840863959,0.5405657081501823,0.45604658067924814,0.5714513576386088,0.5705032348632812,0.7188609838485718,0.5825112933336303,0.6830258062224596
6,0.4000327519395135,0.7038123167155426,0.7307010716176939,0.7085335028310403,0.7026223998266244,0.7142137187915605,0.5427193095641937,0.45032143481627346,0.5690848210573426,0.575265645980835,0.7243945002555847,0.5845443537068922,0.6804857442398451
